Language,LanguageCode,ModelName,Quality,OnnxModelLink,OnnxModelConfigLink
Arabic,ar_JO,kareem,low,https://huggingface.co/rhasspy/piper-voices/resolve/v1.0.0/ar/ar_JO/kareem/low/ar_JO-kareem-low.onnx?download=true,https://huggingface.co/rhasspy/piper-voices/resolve/v1.0.0/ar/ar_JO/kareem/low/ar_JO-kareem-low.onnx.json?download=true.json
Arabic,ar_JO,kareem,medium,https://huggingface.co/rhasspy/piper-voices/resolve/v1.0.0/ar/ar_JO/kareem/medium/ar_JO-kareem-medium.onnx?download=true,https://huggingface.co/rhasspy/piper-voices/resolve/v1.0.0/ar/ar_JO/kareem/medium/ar_JO-kareem-medium.onnx.json?download=true.json
Catalan,ca_ES,upc_ona,x_low,https://huggingface.co/rhasspy/piper-voices/resolve/v1.0.0/ca/ca_ES/upc_ona/x_low/ca_ES-upc_ona-x_low.onnx?download=true,https://huggingface.co/rhasspy/piper-voices/resolve/v1.0.0/ca/ca_ES/upc_ona/x_low/ca_ES-upc_ona-x_low.onnx.json?download=true.json
Catalan,ca_ES,upc_ona,medium,https://huggingface.co/rhasspy/piper-voices/resolve/v1.0.0/ca/ca_ES/upc_ona/medium/ca_ES-upc_ona-medium.onnx?download=true,https://huggingface.co/rhasspy/piper-voices/resolve/v1.0.0/ca/ca_ES/upc_ona/medium/ca_ES-upc_ona-medium.onnx.json?download=true.json
Catalan,ca_ES,upc_pau,x_low,https://huggingface.co/rhasspy/piper-voices/resolve/v1.0.0/ca/ca_ES/upc_pau/x_low/ca_ES-upc_pau-x_low.onnx?download=true,https://huggingface.co/rhasspy/piper-voices/resolve/v1.0.0/ca/ca_ES/upc_pau/x_low/ca_ES-upc_pau-x_low.onnx.json?download=true.json
Czech,cs_CZ,jirka,low,https://huggingface.co/rhasspy/piper-voices/resolve/v1.0.0/cs/cs_CZ/jirka/low/cs_CZ-jirka-low.onnx?download=true,https://huggingface.co/rhasspy/piper-voices/resolve/v1.0.0/cs/cs_CZ/jirka/low/cs_CZ-jirka-low.onnx.json?download=true.json
Czech,cs_CZ,jirka,medium,https://huggingface.co/rhasspy/piper-voices/resolve/v1.0.0/cs/cs_CZ/jirka/medium/cs_CZ-jirka-medium.onnx?download=true,https://huggingface.co/rhasspy/piper-voices/resolve/v1.0.0/cs/cs_CZ/jirka/medium/cs_CZ-jirka-medium.onnx.json?download=true.json
Welsh,cy_GB,gwryw_gogleddol,medium,https://huggingface.co/rhasspy/piper-voices/resolve/v1.0.0/cy/cy_GB/gwryw_gogleddol/medium/cy_GB-gwryw_gogleddol-medium.onnx?download=true,https://huggingface.co/rhasspy/piper-voices/resolve/v1.0.0/cy/cy_GB/gwryw_gogleddol/medium/cy_GB-gwryw_gogleddol-medium.onnx.json?download=true.json
Danish,da_DK,talesyntese,medium,https://huggingface.co/rhasspy/piper-voices/resolve/v1.0.0/da/da_DK/talesyntese/medium/da_DK-talesyntese-medium.onnx?download=true,https://huggingface.co/rhasspy/piper-voices/resolve/v1.0.0/da/da_DK/talesyntese/medium/da_DK-talesyntese-medium.onnx.json?download=true.json
German,de_DE,eva_k,x_low,https://huggingface.co/rhasspy/piper-voices/resolve/v1.0.0/de/de_DE/eva_k/x_low/de_DE-eva_k-x_low.onnx?download=true,https://huggingface.co/rhasspy/piper-voices/resolve/v1.0.0/de/de_DE/eva_k/x_low/de_DE-eva_k-x_low.onnx.json?download=true.json
German,de_DE,karlsson,low,https://huggingface.co/rhasspy/piper-voices/resolve/v1.0.0/de/de_DE/karlsson/low/de_DE-karlsson-low.onnx?download=true,https://huggingface.co/rhasspy/piper-voices/resolve/v1.0.0/de/de_DE/karlsson/low/de_DE-karlsson-low.onnx.json?download=true.json
German,de_DE,kerstin,low,https://huggingface.co/rhasspy/piper-voices/resolve/v1.0.0/de/de_DE/kerstin/low/de_DE-kerstinonnx,tr,https://huggingface.co/rhasspy/piper-voices/resolve/v1.0.0/de/de_DE/kerstin/low/de_DE-kerstin-low.onnx.json?download=true.json
German,de_DE,mls,medium,https://huggingface.co/rhasspy/piper-voices/resolve/v1.0.0/de/de_DE/mls/medium/de_DE-mls-medium.onnx?download=true,https://huggingface.co/rhasspy/piper-voices/resolve/v1.0.0/de/de_DE/mls/medium/de_DE-mls-medium.onnx.json?download=true.json
German,de_DE,pavoque,low,https://huggingface.co/rhasspy/piper-voices/resolve/v1.0.0/de/de_DE/pavoque/low/de_DE-pavoque-low.onnx?download=true,https://huggingface.co/rhasspy/piper-voices/resolve/v1.0.0/de/de_DE/pavoque/low/de_DE-pavoque-low.onnx.json?download=true.json
German,de_DE,ramona,low,https://huggingface.co/rhasspy/piper-voices/resolve/v1.0.0/de/de_DE/ramona/low/de_DE-ramona-low.onnx?download=true,https://huggingface.co/rhasspy/piper-voices/resolve/v1.0.0/de/de_DE/ramona/low/de_DE-ramona-low.onnx.json?download=true.json
German,de_DE,thorsten,low,https://huggingface.co/rhasspy/piper-voices/resolve/v1.0.0/de/de_DE/thorsten/low/de_DE-thorsten-low.onnx?download=true,https://huggingface.co/rhasspy/piper-voices/resolve/v1.0.0/de/de_DE/thorsten/low/de_DE-thorsten-low.onnx.json?download=true.json
German,de_DE,thorsten,medium,https://huggingface.co/rhasspy/piper-voices/resolve/v1.0.0/de/de_DE/thorsten/medium/de_DE-thorsten-medium.onnx?download=true,https://huggingface.co/rhasspy/piper-voices/resolve/v1.0.0/de/de_DE/thorsten/medium/de_DE-thorsten-medium.onnx.json?download=true.json
German,de_DE,thorsten,high,https://huggingface.co/rhasspy/piper-voices/resolve/v1.0.0/de/de_DE/thorsten/high/de_DE-thorsten-high.onnx?download=true,https://huggingface.co/rhasspy/piper-voices/resolve/v1.0.0/de/de_DE/thorsten/high/de_DE-thorsten-high.onnx.json?download=true.json
German,de_DE,thorsten_emotional,medium,https://huggingface.co/rhasspy/piper-voices/resolve/v1.0.0/de/de_DE/thorsten_emotional/medium/de_DE-thorsten_emotionalonnx,tr,https://huggingface.co/rhasspy/piper-voices/resolve/v1.0.0/de/de_DE/thorsten_emotional/medium/de_DE-thorsten_emotional-medium.onnx.json?download=true.json
Greek,el_GR,rapunzelina,low,https://huggingface.co/rhasspy/piper-voices/resolve/v1.0.0/el/el_GR/rapunzelina/low/el_GR-rapunzelina-low.onnx?download=true,https://huggingface.co/rhasspy/piper-voices/resolve/v1.0.0/el/el_GR/rapunzelina/low/el_GR-rapunzelina-low.onnx.json?download=true.json
English,en_GB,aru,medium,https://huggingface.co/rhasspy/piper-voices/resolve/v1.0.0/en/en_GB/aru/medium/en_GB-aru-medium.onnx?download=true,https://huggingface.co/rhasspy/piper-voices/resolve/v1.0.0/en/en_GB/aru/medium/en_GB-aru-medium.onnx.json?download=true.json
English,en_GB,cori,medium,https://huggingface.co/rhasspy/piper-voices/resolve/v1.0.0/en/en_GB/cori/medium/en_GB-cori-medium.onnx?download=true,https://huggingface.co/rhasspy/piper-voices/resolve/v1.0.0/en/en_GB/cori/medium/en_GB-cori-medium.onnx.json?download=true.json
English,en_GB,cori,high,https://huggingface.co/rhasspy/piper-voices/resolve/v1.0.0/en/en_GB/cori/high/en_GB-cori-high.onnx?download=true,https://huggingface.co/rhasspy/piper-voices/resolve/v1.0.0/en/en_GB/cori/high/en_GB-cori-high.onnx.json?download=true.json
English,en_GB,jenny_dioco,medium,https://huggingface.co/rhasspy/piper-voices/resolve/v1.0.0/en/en_GB/jenny_dioco/medium/en_GB-jenny_dioco-medium.onnx?download=true,https://huggingface.co/rhasspy/piper-voices/resolve/v1.0.0/en/en_GB/jenny_dioco/medium/en_GB-jenny_dioco-medium.onnx.json?download=true.json
English,en_GB,northern_english_male,medium,https://huggingface.co/rhasspy/piper-voices/resolve/v1.0.0/en/en_GB/northern_english_male/medium/en_GB-northern_english_male-mediuonnx,tr,https://huggingface.co/rhasspy/piper-voices/resolve/v1.0.0/en/en_GB/northern_english_male/medium/en_GB-northern_english_male-medium.onnx.json?download=true.json
English,en_GB,semaine,medium,https://huggingface.co/rhasspy/piper-voices/resolve/v1.0.0/en/en_GB/semaine/medium/en_GB-semaine-medium.onnx?download=true,https://huggingface.co/rhasspy/piper-voices/resolve/v1.0.0/en/en_GB/semaine/medium/en_GB-semaine-medium.onnx.json?download=true.json
English,en_GB,southern_english_female,low,https://huggingface.co/rhasspy/piper-voices/resolve/v1.0.0/en/en_GB/southern_english_female/low/en_GB-southern_english_female-low.onnx?download=true,https://huggingface.co/rhasspy/piper-voices/resolve/v1.0.0/en/en_GB/southern_english_female/low/en_GB-southern_english_female-low.onnx.json?download=true.json
English,en_GB,vctk,medium,https://huggingface.co/rhasspy/piper-voices/resolve/v1.0.0/en/en_GB/vctk/medium/en_GB-vctk-medium.onnx?download=true,https://huggingface.co/rhasspy/piper-voices/resolve/v1.0.0/en/en_GB/vctk/medium/en_GB-vctk-medium.onnx.json?download=true.json
English,en_US,amy,low,https://huggingface.co/rhasspy/piper-voices/resolve/v1.0.0/en/en_US/amy/low/en_US-amy-low.onnx?download=true,https://huggingface.co/rhasspy/piper-voices/resolve/v1.0.0/en/en_US/amy/low/en_US-amy-low.onnx.json?download=true.json
English,en_US,amy,medium,https://huggingface.co/rhasspy/piper-voices/resolve/v1.0.0/en/en_US/amy/medium/en_US-amy-medium.onnx?download=true,https://huggingface.co/rhasspy/piper-voices/resolve/v1.0.0/en/en_US/amy/medium/en_US-amy-medium.onnx.json?download=true.json
English,en_US,arctic,medium,https://huggingface.co/rhasspy/piper-voices/resolve/v1.0.0/en/en_US/arctic/medium/en_US-arctic-medium.onnx?download=true,https://huggingface.co/rhasspy/piper-voices/resolve/v1.0.0/en/en_US/arctic/medium/en_US-arctic-medium.onnx.json?download=true.json
English,en_US,bryce,medium,https://huggingface.co/rhasspy/piper-voices/resolve/v1.0.0/en/en_US/bryce/medium/en_US-bryce-medium.onnx?download=true,https://huggingface.co/rhasspy/piper-voices/resolve/v1.0.0/en/en_US/bryce/medium/en_US-bryce-medium.onnx.json?download=true.json
English,en_US,danny,low,https://huggingface.co/rhasspy/piper-voices/resolve/v1.0.0/en/en_US/danny/low/en_US-danny-low.onnx,tr,https://huggingface.co/rhasspy/piper-voices/resolve/v1.0.0/en/en_US/danny/low/en_US-danny-low.onnx.json?download=true.json
English,en_US,hfc_female,medium,https://huggingface.co/rhasspy/piper-voices/resolve/v1.0.0/en/en_US/hfc_female/medium/en_US-hfc_female-medium.onnx?download=true,https://huggingface.co/rhasspy/piper-voices/resolve/v1.0.0/en/en_US/hfc_female/medium/en_US-hfc_female-medium.onnx.json?download=true.json
English,en_US,hfc_male,medium,https://huggingface.co/rhasspy/piper-voices/resolve/v1.0.0/en/en_US/hfc_male/medium/en_US-hfc_male-medium.onnx?download=true,https://huggingface.co/rhasspy/piper-voices/resolve/v1.0.0/en/en_US/hfc_male/medium/en_US-hfc_male-medium.onnx.json?download=true.json
English,en_US,joe,medium,https://huggingface.co/rhasspy/piper-voices/resolve/v1.0.0/en/en_US/joe/medium/en_US-joe-medium.onnx?download=true,https://huggingface.co/rhasspy/piper-voices/resolve/v1.0.0/en/en_US/joe/medium/en_US-joe-medium.onnx.json?download=true.json
English,en_US,john,medium,https://huggingface.co/rhasspy/piper-voices/resolve/v1.0.0/en/en_US/john/medium/en_US-john-medium.onnx?download=true,https://huggingface.co/rhasspy/piper-voices/resolve/v1.0.0/en/en_US/john/medium/en_US-john-medium.onnx.json?download=true.json
English,en_US,kathleen,low,https://huggingface.co/rhasspy/piper-voices/resolve/v1.0.0/en/en_US/kathleen/low/en_US-kathleen-low.onnx?download=true,https://huggingface.co/rhasspy/piper-voices/resolve/v1.0.0/en/en_US/kathleen/low/en_US-kathleen-low.onnx.json?download=true.json
English,en_US,kristin,medium,https://huggingface.co/rhasspy/piper-voices/resolve/v1.0.0/en/en_US/kristin/medium/en_US-kristin-medium.onnx?download=true,https://huggingface.co/rhasspy/piper-voices/resolve/v1.0.0/en/en_US/kristin/medium/en_US-kristin-medium.onnx.json?download=true.json
English,en_US,kusal,medium,https://huggingface.co/rhasspy/piper-voices/resolve/v1.0.0/en/en_US/kusal/medium/en_US-kusal-medium.onnx?download=true,https://huggingface.co/rhasspy/piper-voices/resolve/v1.0.0/en/en_US/kusal/medium/en_US-kusal-medium.onnx.json?download=true.json
English,en_US,l2arctic,medium,https://huggingface.co/rhasspy/piper-voices/resolve/v1.0.0/en/en_US/l2arctic/medium/en_US-l2arctic-medium.onnx?download=true,https://huggingface.co/rhasspy/piper-voices/resolve/v1.0.0/en/en_US/l2arctic/medium/en_US-l2arctic-medium.onnx.json?download=true.json
English,en_US,lessac,low,https://huggingface.co/rhasspy/piper-voices/resolve/v1.0.0/en/en_US/lessac/low/en_US-lessac-low.onnx?download=true,https://huggingface.co/rhasspy/piper-voices/resolve/v1.0.0/en/en_US/lessac/low/en_US-lessac-low.onnx.json?download=true.json
English,en_US,lessac,medium,https://huggingface.co/rhasspy/piper-voices/resolve/v1.0.0/en/en_US/lessac/medium/en_US-lessac-medium.onnx?download=true,https://huggingface.co/rhasspy/piper-voices/resolve/v1.0.0/en/en_US/lessac/medium/en_US-lessac-medium.onnx.json?download=true.json
English,en_US,lessac,high,https://huggingface.co/rhasspy/piper-voices/resolve/v1.0.0/en/en_US/lessac/high/en_US-lessac-high.onnx?download=true,https://huggingface.co/rhasspy/piper-voices/resolve/v1.0.0/en/en_US/lessac/high/en_US-lessac-high.onnx.json?download=true.json
English,en_US,libritts,high,https://huggingface.co/rhasspy/piper-voices/resolve/v1.0.0/en/en_US/libritts/high/en_US-libritts-high.onnx?download=true,https://huggingface.co/rhasspy/piper-voices/resolve/v1.0.0/en/en_US/libritts/high/en_US-libritts-high.onnx.json?download=true.json
English,en_US,libritts_r,medium,https://huggingface.co/rhasspy/piper-voices/resolve/v1.0.0/en/en_US/libritts_r/medium/en_US-libritts_r-medium.onnx?download=true,https://huggingface.co/rhasspy/piper-voices/resolve/v1.0.0/en/en_US/libritts_r/medium/en_US-libritts_r-medium.onnx.json?download=true.json
English,en_US,ljspeech,medium,https://huggingface.co/rhasspy/piper-voices/resolve/v1.0.0/en/en_US/ljspeech/medium/en_US-ljspeech-medium.onnx?download=true,https://huggingface.co/rhasspy/piper-voices/resolve/v1.0.0/en/en_US/ljspeech/medium/en_US-ljspeech-medium.onnx.json?download=true.json
English,en_US,ljspeech,high,https://huggingface.co/rhasspy/piper-voices/resolve/v1.0.0/en/en_US/ljspeech/high/en_US-ljspeech-high.onnx?download=true,https://huggingface.co/rhasspy/piper-voices/resolve/v1.0.0/en/en_US/ljspeech/high/en_US-ljspeech-high.onnx.json?download=true.json
English,en_US,norman,medium,https://huggingface.co/rhasspy/piper-voices/resolve/v1.0.0/en/en_US/norman/medium/en_US-norman-medium.onnx?download=true,https://huggingface.co/rhasspy/piper-voices/resolve/v1.0.0/en/en_US/norman/medium/en_US-norman-medium.onnx.json?download=true.json
English,en_US,ryan,low,https://huggingface.co/rhasspy/piper-voices/resolve/v1.0.0/en/en_US/ryan/low/en_US-ryan-low.onnx?download=true,https://huggingface.co/rhasspy/piper-voices/resolve/v1.0.0/en/en_US/ryan/low/en_US-ryan-low.onnx.json?download=true.json
English,en_US,ryan,medium,https://huggingface.co/rhasspy/piper-voices/resolve/v1.0.0/en/en_US/ryan/medium/en_US-ryan-medium.onnx?download=true,https://huggingface.co/rhasspy/piper-voices/resolve/v1.0.0/en/en_US/ryan/medium/en_US-ryan-medium.onnx.json?download=true.json
English,en_US,ryan,high,https://huggingface.co/rhasspy/piper-voices/resolve/v1.0.0/en/en_US/ryan/high/en_US-ryan-high.onnx?download=true,https://huggingface.co/rhasspy/piper-voices/resolve/v1.0.0/en/en_US/ryan/high/en_US-ryan-high.onnx.json?download=true.json
Spanish,es_ES,carlfm,x_low,https://huggingface.co/rhasspy/piper-voices/resolve/v1.0.0/es/es_ES/carlfm/x_low/es_ES-carlfm-x_low.onnx?download=true,https://huggingface.co/rhasspy/piper-voices/resolve/v1.0.0/es/es_ES/carlfm/x_low/es_ES-carlfm-x_low.onnx.json?download=true.json
Spanish,es_ES,davefx,medium,https://huggingface.co/rhasspy/piper-voices/resolve/v1.0.0/es/es_ES/davefx/medium/es_ES-davefx-medium.onnx?download=true,https://huggingface.co/rhasspy/piper-voices/resolve/v1.0.0/es/es_ES/davefx/medium/es_ES-davefx-medium.onnx.json?download=true.json
Spanish,es_ES,mls_10246,low,https://huggingface.co/rhasspy/piper-voices/resolve/v1.0.0/es/es_ES/mls_10246/low/es_ES-mls_10246-low.onnx?download=true,https://huggingface.co/rhasspy/piper-voices/resolve/v1.0.0/es/es_ES/mls_10246/low/es_ES-mls_10246-low.onnx.json?download=true.json
Spanish,es_ES,mls_9972,low,https://huggingface.co/rhasspy/piper-voices/resolve/v1.0.0/es/es_ES/mls_9972/low/es_ES-mls_9972-low.onnx?download=true,https://huggingface.co/rhasspy/piper-voices/resolve/v1.0.0/es/es_ES/mls_9972/low/es_ES-mls_9972-low.onnx.json?download=true.json
Spanish,es_ES,sharvard,medium,https://huggingface.co/rhasspy/piper-voices/resolve/v1.0.0/es/es_ES/sharvard/medium/es_ES-sharvard-medium.onnx?download=true,https://huggingface.co/rhasspy/piper-voices/resolve/v1.0.0/es/es_ES/sharvard/medium/es_ES-sharvard-medium.onnx.json?download=true.json
Spanish,es_MX,ald,medium,https://huggingface.co/rhasspy/piper-voices/resolve/v1.0.0/es/es_MX/ald/medium/es_MX-ald-medium.onnx?download=true,https://huggingface.co/rhasspy/piper-voices/resolve/v1.0.0/es/es_MX/ald/medium/es_MX-ald-medium.onnx.json?download=true.json
Spanish,es_MX,claude,high,https://huggingface.co/rhasspy/piper-voices/resolve/v1.0.0/es/es_MX/claude/high/es_MX-claude-high.onnx?download=true,https://huggingface.co/rhasspy/piper-voices/resolve/v1.0.0/es/es_MX/claude/high/es_MX-claude-high.onnx.json?download=true.json
Farsi,fa_IR,amir,medium,https://huggingface.co/rhasspy/piper-voices/resolve/v1.0.0/fa/fa_IR/amir/medium/fa_IR-amir-medium.onnx?download=true,https://huggingface.co/rhasspy/piper-voices/resolve/v1.0.0/fa/fa_IR/amir/medium/fa_IR-amir-medium.onnx.json?download=true.json
Farsi,fa_IR,gyro,medium,https://huggingface.co/rhasspy/piper-voices/resolve/v1.0.0/fa/fa_IR/gyro/medium/fa_IR-gyro-medium.onnx?download=true,https://huggingface.co/rhasspy/piper-voices/resolve/v1.0.0/fa/fa_IR/gyro/medium/fa_IR-gyro-medium.onnx.json?download=true.json
Finnish,fi_FI,harri,low,https://huggingface.co/rhasspy/piper-voices/resolve/v1.0.0/fi/fi_FI/harri/low/fi_FI-harri-low.onnx?download=true,https://huggingface.co/rhasspy/piper-voices/resolve/v1.0.0/fi/fi_FI/harri/low/fi_FI-harri-low.onnx.json?download=true.json
Finnish,fi_FI,harri,medium,https://huggingface.co/rhasspy/piper-voices/resolve/v1.0.0/fi/fi_FI/harri/medium/fi_FI-harri-medium.onnx?download=true,https://huggingface.co/rhasspy/piper-voices/resolve/v1.0.0/fi/fi_FI/harri/medium/fi_FI-harri-medium.onnx.json?download=true.json
French,fr_FR,gilles,low,https://huggingface.co/rhasspy/piper-voices/resolve/v1.0.0/fr/fr_FR/gilles/low/fr_FR-gilles-low.onnx?download=true,https://huggingface.co/rhasspy/piper-voices/resolve/v1.0.0/fr/fr_FR/gilles/low/fr_FR-gilles-low.onnx.json?download=true.json
French,fr_FR,mls,medium,https://huggingface.co/rhasspy/piper-voices/resolve/v1.0.0/fr/fr_FR/mls/medium/fr_FR-mls-medium.onnx?download=true,https://huggingface.co/rhasspy/piper-voices/resolve/v1.0.0/fr/fr_FR/mls/medium/fr_FR-mls-medium.onnx.json?download=true.json
French,fr_FR,mls_1840,low,https://huggingface.co/rhasspy/piper-voices/resolve/v1.0.0/fr/fr_FR/mls_1840/low/fr_FR-mls_1840-low.onnx?download=true,https://huggingface.co/rhasspy/piper-voices/resolve/v1.0.0/fr/fr_FR/mls_1840/low/fr_FR-mls_1840-low.onnx.json?download=true.json
French,fr_FR,siwis,low,https://huggingface.co/rhasspy/piper-voices/resolve/v1.0.0/fr/fr_FR/siwis/low/fr_FR-siwis-low.onnx?download=true,https://huggingface.co/rhasspy/piper-voices/resolve/v1.0.0/fr/fr_FR/siwis/low/fr_FR-siwis-low.onnx.json?download=true.json
French,fr_FR,siwis,medium,https://huggingface.co/rhasspy/piper-voices/resolve/v1.0.0/fr/fr_FR/siwis/medium/fr_FR-siwis-medium.onnx?download=true,https://huggingface.co/rhasspy/piper-voices/resolve/v1.0.0/fr/fr_FR/siwis/medium/fr_FR-siwis-medium.onnx.json?download=true.json
French,fr_FR,tom,medium,https://huggingface.co/rhasspy/piper-voices/resolve/v1.0.0/fr/fr_FR/tom/medium/fr_FR-tom-medium.onnx?download=true,https://huggingface.co/rhasspy/piper-voices/resolve/v1.0.0/fr/fr_FR/tom/medium/fr_FR-tom-medium.onnx.json?download=true.json
French,fr_FR,upmc,medium,https://huggingface.co/rhasspy/piper-voices/resolve/v1.0.0/fr/fr_FR/upmc/medium/fr_FR-upmc-medium.onnx?download=true,https://huggingface.co/rhasspy/piper-voices/resolve/v1.0.0/fr/fr_FR/upmc/medium/fr_FR-upmc-medium.onnx.json?download=true.json
Hungarian,hu_HU,anna,medium,https://huggingface.co/rhasspy/piper-voices/resolve/v1.0.0/hu/hu_HU/anna/medium/hu_HU-anna-medium.onnx?download=true,https://huggingface.co/rhasspy/piper-voices/resolve/v1.0.0/hu/hu_HU/anna/medium/hu_HU-anna-medium.onnx.json?download=true.json
Hungarian,hu_HU,berta,medium,https://huggingface.co/rhasspy/piper-voices/resolve/v1.0.0/hu/hu_HU/berta/medium/hu_HU-berta-medium.onnx?download=true,https://huggingface.co/rhasspy/piper-voices/resolve/v1.0.0/hu/hu_HU/berta/medium/hu_HU-berta-medium.onnx.json?download=true.json
Hungarian,hu_HU,imre,medium,https://huggingface.co/rhasspy/piper-voices/resolve/v1.0.0/hu/hu_HU/imre/medium/hu_HU-imre-medium.onnx?download=true,https://huggingface.co/rhasspy/piper-voices/resolve/v1.0.0/hu/hu_HU/imre/medium/hu_HU-imre-medium.onnx.json?download=true.json
Icelandic,is_IS,bui,medium,https://huggingface.co/rhasspy/piper-voices/resolve/v1.0.0/is/is_IS/bui/medium/is_IS-bui-medium.onnx?download=true,https://huggingface.co/rhasspy/piper-voices/resolve/v1.0.0/is/is_IS/bui/medium/is_IS-bui-medium.onnx.json?download=true.json
Icelandic,is_IS,salka,medium,https://huggingface.co/rhasspy/piper-voices/resolve/v1.0.0/is/is_IS/salka/medium/is_IS-salka-medium.onnx?download=true,https://huggingface.co/rhasspy/piper-voices/resolve/v1.0.0/is/is_IS/salka/medium/is_IS-salka-medium.onnx.json?download=true.json
Icelandic,is_IS,steinn,medium,https://huggingface.co/rhasspy/piper-voices/resolve/v1.0.0/is/is_IS/steinn/medium/is_IS-steinn-medium.onnx?download=true,https://huggingface.co/rhasspy/piper-voices/resolve/v1.0.0/is/is_IS/steinn/medium/is_IS-steinn-medium.onnx.json?download=true.json
Icelandic,is_IS,ugla,medium,https://huggingface.co/rhasspy/piper-voices/resolve/v1.0.0/is/is_IS/ugla/medium/is_IS-ugla-medium.onnx?download=true,https://huggingface.co/rhasspy/piper-voices/resolve/v1.0.0/is/is_IS/ugla/medium/is_IS-ugla-medium.onnx.json?download=true.json
Italian,it_IT,paola,medium,https://huggingface.co/rhasspy/piper-voices/resolve/v1.0.0/it/it_IT/paola/medium/it_IT-paola-medium.onnx?download=true,https://huggingface.co/rhasspy/piper-voices/resolve/v1.0.0/it/it_IT/paola/medium/it_IT-paola-medium.onnx.json?download=true.json
Italian,it_IT,riccardo,x_low,https://huggingface.co/rhasspy/piper-voices/resolve/v1.0.0/it/it_IT/riccardo/x_low/it_IT-riccardo-x_low.onnx?download=true,https://huggingface.co/rhasspy/piper-voices/resolve/v1.0.0/it/it_IT/riccardo/x_low/it_IT-riccardo-x_low.onnx.json?download=true.json
Georgian,ka_GE,natia,medium,https://huggingface.co/rhasspy/piper-voices/resolve/v1.0.0/ka/ka_GE/natia/medium/ka_GE-natia-medium.onnx?download=true,https://huggingface.co/rhasspy/piper-voices/resolve/v1.0.0/ka/ka_GE/natia/medium/ka_GE-natia-medium.onnx.json?download=true.json
Kazakh,kk_KZ,iseke,x_low,https://huggingface.co/rhasspy/piper-voices/resolve/v1.0.0/kk/kk_KZ/iseke/x_low/kk_KZ-iseke-x_low.onnx?download=true,https://huggingface.co/rhasspy/piper-voices/resolve/v1.0.0/kk/kk_KZ/iseke/x_low/kk_KZ-iseke-x_low.onnx.json?download=true.json
Kazakh,kk_KZ,issai,high,https://huggingface.co/rhasspy/piper-voices/resolve/v1.0.0/kk/kk_KZ/issai/high/kk_KZ-issai-high.onnx?download=true,https://huggingface.co/rhasspy/piper-voices/resolve/v1.0.0/kk/kk_KZ/issai/high/kk_KZ-issai-high.onnx.json?download=true.json
Kazakh,kk_KZ,raya,x_low,https://huggingface.co/rhasspy/piper-voices/resolve/v1.0.0/kk/kk_KZ/raya/x_low/kk_KZ-raya-x_low.onnx?download=true,https://huggingface.co/rhasspy/piper-voices/resolve/v1.0.0/kk/kk_KZ/raya/x_low/kk_KZ-raya-x_low.onnx.json?download=true.json
Luxembourgish,lb_LU,marylux,medium,https://huggingface.co/rhasspy/piper-voices/resolve/v1.0.0/lb/lb_LU/marylux/medium/lb_LU-marylux-medium.onnx?download=true,https://huggingface.co/rhasspy/piper-voices/resolve/v1.0.0/lb/lb_LU/marylux/medium/lb_LU-marylux-medium.onnx.json?download=true.json
Nepali,ne_NP,google,x_low,https://huggingface.co/rhasspy/piper-voices/resolve/v1.0.0/ne/ne_NP/google/x_low/ne_NP-google-x_low.onnx?download=true,https://huggingface.co/rhasspy/piper-voices/resolve/v1.0.0/ne/ne_NP/google/x_low/ne_NP-google-x_low.onnx.json?download=true.json
Nepali,ne_NP,google,medium,https://huggingface.co/rhasspy/piper-voices/resolve/v1.0.0/ne/ne_NP/google/medium/ne_NP-google-medium.onnx?download=true,https://huggingface.co/rhasspy/piper-voices/resolve/v1.0.0/ne/ne_NP/google/medium/ne_NP-google-medium.onnx.json?download=true.json
Dutch,nl_BE,nathalie,x_low,https://huggingface.co/rhasspy/piper-voices/resolve/v1.0.0/nl/nl_BE/nathalie/x_low/nl_BE-nathalie-x_low.onnx?download=true,https://huggingface.co/rhasspy/piper-voices/resolve/v1.0.0/nl/nl_BE/nathalie/x_low/nl_BE-nathalie-x_low.onnx.json?download=true.json
Dutch,nl_BE,nathalie,medium,https://huggingface.co/rhasspy/piper-voices/resolve/v1.0.0/nl/nl_BE/nathalie/medium/nl_BE-nathalie-medium.onnx?download=true,https://huggingface.co/rhasspy/piper-voices/resolve/v1.0.0/nl/nl_BE/nathalie/medium/nl_BE-nathalie-medium.onnx.json?download=true.json
Dutch,nl_BE,rdh,x_low,https://huggingface.co/rhasspy/piper-voices/resolve/v1.0.0/nl/nl_BE/rdh/x_low/nl_BE-rdh-x_low.onnx?download=true,https://huggingface.co/rhasspy/piper-voices/resolve/v1.0.0/nl/nl_BE/rdh/x_low/nl_BE-rdh-x_low.onnx.json?download=true.json
Dutch,nl_BE,rdh,medium,https://huggingface.co/rhasspy/piper-voices/resolve/v1.0.0/nl/nl_BE/rdh/medium/nl_BE-rdh-medium.onnx?download=true,https://huggingface.co/rhasspy/piper-voices/resolve/v1.0.0/nl/nl_BE/rdh/medium/nl_BE-rdh-medium.onnx.json?download=true.json
Dutch,nl_NL,mls,medium,https://huggingface.co/rhasspy/piper-voices/resolve/v1.0.0/nl/nl_NL/mls/medium/nl_NL-mls-medium.onnx?download=true,https://huggingface.co/rhasspy/piper-voices/resolve/v1.0.0/nl/nl_NL/mls/medium/nl_NL-mls-medium.onnx.json?download=true.json
Dutch,nl_NL,mls_5809,low,https://huggingface.co/rhasspy/piper-voices/resolve/v1.0.0/nl/nl_NL/mls_5809/low/nl_NL-mls_5809-low.onnx?download=true,https://huggingface.co/rhasspy/piper-voices/resolve/v1.0.0/nl/nl_NL/mls_5809/low/nl_NL-mls_5809-low.onnx.json?download=true.json
Dutch,nl_NL,mls_7432,low,https://huggingface.co/rhasspy/piper-voices/resolve/v1.0.0/nl/nl_NL/mls_7432/low/nl_NL-mls_7432-low.onnx?download=true,https://huggingface.co/rhasspy/piper-voices/resolve/v1.0.0/nl/nl_NL/mls_7432/low/nl_NL-mls_7432-low.onnx.json?download=true.json
Norwegian,no_NO,talesyntese,medium,https://huggingface.co/rhasspy/piper-voices/resolve/v1.0.0/no/no_NO/talesyntese/medium/no_NO-talesyntese-medium.onnx?download=true,https://huggingface.co/rhasspy/piper-voices/resolve/v1.0.0/no/no_NO/talesyntese/medium/no_NO-talesyntese-medium.onnx.json?download=true.json
Polish,pl_PL,darkman,medium,https://huggingface.co/rhasspy/piper-voices/resolve/v1.0.0/pl/pl_PL/darkman/medium/pl_PL-darkman-medium.onnx?download=true,https://huggingface.co/rhasspy/piper-voices/resolve/v1.0.0/pl/pl_PL/darkman/medium/pl_PL-darkman-medium.onnx.json?download=true.json
Polish,pl_PL,gosia,medium,https://huggingface.co/rhasspy/piper-voices/resolve/v1.0.0/pl/pl_PL/gosia/medium/pl_PL-gosia-medium.onnx?download=true,https://huggingface.co/rhasspy/piper-voices/resolve/v1.0.0/pl/pl_PL/gosia/medium/pl_PL-gosia-medium.onnx.json?download=true.json
Polish,pl_PL,mc_speech,medium,https://huggingface.co/rhasspy/piper-voices/resolve/v1.0.0/pl/pl_PL/mc_speech/medium/pl_PL-mc_speech-medium.onnx?download=true,https://huggingface.co/rhasspy/piper-voices/resolve/v1.0.0/pl/pl_PL/mc_speech/medium/pl_PL-mc_speech-medium.onnx.json?download=true.json
Polish,pl_PL,mls_6892,low,https://huggingface.co/rhasspy/piper-voices/resolve/v1.0.0/pl/pl_PL/mls_6892/low/pl_PL-mls_6892-low.onnx?download=true,https://huggingface.co/rhasspy/piper-voices/resolve/v1.0.0/pl/pl_PL/mls_6892/low/pl_PL-mls_6892-low.onnx.json?download=true.json
Portuguese,pt_BR,edresson,low,https://huggingface.co/rhasspy/piper-voices/resolve/v1.0.0/pt/pt_BR/edresson/low/pt_BR-edresson-low.onnx?download=true,https://huggingface.co/rhasspy/piper-voices/resolve/v1.0.0/pt/pt_BR/edresson/low/pt_BR-edresson-low.onnx.json?download=true.json
Portuguese,pt_BR,faber,medium,https://huggingface.co/rhasspy/piper-voices/resolve/v1.0.0/pt/pt_BR/faber/medium/pt_BR-faber-medium.onnx?download=true,https://huggingface.co/rhasspy/piper-voices/resolve/v1.0.0/pt/pt_BR/faber/medium/pt_BR-faber-medium.onnx.json?download=true.json
Portuguese,pt_PT,tugão,medium,https://huggingface.co/rhasspy/piper-voices/resolve/v1.0.0/pt/pt_PT/tugão/medium/pt_PT-tugão-medium.onnx?download=true,https://huggingface.co/rhasspy/piper-voices/resolve/v1.0.0/pt/pt_PT/tugão/medium/pt_PT-tugão-medium.onnx.json?download=true.json
Romanian,ro_RO,mihai,medium,https://huggingface.co/rhasspy/piper-voices/resolve/v1.0.0/ro/ro_RO/mihai/medium/ro_RO-mihai-medium.onnx?download=true,https://huggingface.co/rhasspy/piper-voices/resolve/v1.0.0/ro/ro_RO/mihai/medium/ro_RO-mihai-medium.onnx.json?download=true.json
Russian,ru_RU,denis,medium,https://huggingface.co/rhasspy/piper-voices/resolve/v1.0.0/ru/ru_RU/denis/medium/ru_RU-denis-medium.onnx?download=true,https://huggingface.co/rhasspy/piper-voices/resolve/v1.0.0/ru/ru_RU/denis/medium/ru_RU-denis-medium.onnx.json?download=true.json
Russian,ru_RU,dmitri,medium,https://huggingface.co/rhasspy/piper-voices/resolve/v1.0.0/ru/ru_RU/dmitri/medium/ru_RU-dmitri-medium.onnx?download=true,https://huggingface.co/rhasspy/piper-voices/resolve/v1.0.0/ru/ru_RU/dmitri/medium/ru_RU-dmitri-medium.onnx.json?download=true.json
Russian,ru_RU,irina,medium,https://huggingface.co/rhasspy/piper-voices/resolve/v1.0.0/ru/ru_RU/irina/medium/ru_RU-irina-medium.onnx?download=true,https://huggingface.co/rhasspy/piper-voices/resolve/v1.0.0/ru/ru_RU/irina/medium/ru_RU-irina-medium.onnx.json?download=true.json
Russian,ru_RU,ruslan,medium,https://huggingface.co/rhasspy/piper-voices/resolve/v1.0.0/ru/ru_RU/ruslan/medium/ru_RU-ruslan-medium.onnx?download=true,https://huggingface.co/rhasspy/piper-voices/resolve/v1.0.0/ru/ru_RU/ruslan/medium/ru_RU-ruslan-medium.onnx.json?download=true.json
Slovak,sk_SK,lili,medium,https://huggingface.co/rhasspy/piper-voices/resolve/v1.0.0/sk/sk_SK/lili/medium/sk_SK-lili-medium.onnx?download=true,https://huggingface.co/rhasspy/piper-voices/resolve/v1.0.0/sk/sk_SK/lili/medium/sk_SK-lili-medium.onnx.json?download=true.json
Slovenian,sl_SI,artur,medium,https://huggingface.co/rhasspy/piper-voices/resolve/v1.0.0/sl/sl_SI/artur/medium/sl_SI-artur-medium.onnx?download=true,https://huggingface.co/rhasspy/piper-voices/resolve/v1.0.0/sl/sl_SI/artur/medium/sl_SI-artur-medium.onnx.json?download=true.json
Serbian,sr_RS,serbski_institut,medium,https://huggingface.co/rhasspy/piper-voices/resolve/v1.0.0/sr/sr_RS/serbski_institut/medium/sr_RS-serbski_institut-medium.onnx?download=true,https://huggingface.co/rhasspy/piper-voices/resolve/v1.0.0/sr/sr_RS/serbski_institut/medium/sr_RS-serbski_institut-medium.onnx.json?download=true.json
Swedish,sv_SE,nst,medium,https://huggingface.co/rhasspy/piper-voices/resolve/v1.0.0/sv/sv_SE/nst/medium/sv_SE-nst-medium.onnx?download=true,https://huggingface.co/rhasspy/piper-voices/resolve/v1.0.0/sv/sv_SE/nst/medium/sv_SE-nst-medium.onnx.json?download=true.json
Swahili,sw_CD,lanfrica,medium,https://huggingface.co/rhasspy/piper-voices/resolve/v1.0.0/sw/sw_CD/lanfrica/medium/sw_CD-lanfrica-medium.onnx?download=true,https://huggingface.co/rhasspy/piper-voices/resolve/v1.0.0/sw/sw_CD/lanfrica/medium/sw_CD-lanfrica-medium.onnx.json?download=true.json
Turkish,tr_TR,dfki,medium,https://huggingface.co/rhasspy/piper-voices/resolve/v1.0.0/tr/tr_TR/dfki/medium/tr_TR-dfki-medium.onnx?download=true,https://huggingface.co/rhasspy/piper-voices/resolve/v1.0.0/tr/tr_TR/dfki/medium/tr_TR-dfki-medium.onnx.json?download=true.json
Turkish,tr_TR,fahrettin,medium,https://huggingface.co/rhasspy/piper-voices/resolve/v1.0.0/tr/tr_TR/fahrettin/medium/tr_TR-fahrettin-medium.onnx?download=true,https://huggingface.co/rhasspy/piper-voices/resolve/v1.0.0/tr/tr_TR/fahrettin/medium/tr_TR-fahrettin-medium.onnx.json?download=true.json
Turkish,tr_TR,fettah,medium,https://huggingface.co/rhasspy/piper-voices/resolve/v1.0.0/tr/tr_TR/fettah/medium/tr_TR-fettah-medium.onnx?download=true,https://huggingface.co/rhasspy/piper-voices/resolve/v1.0.0/tr/tr_TR/fettah/medium/tr_TR-fettah-medium.onnx.json?download=true.json
Ukrainian,uk_UA,lada,x_low,https://huggingface.co/rhasspy/piper-voices/resolve/v1.0.0/uk/uk_UA/lada/x_low/uk_UA-lada-x_low.onnx?download=true,https://huggingface.co/rhasspy/piper-voices/resolve/v1.0.0/uk/uk_UA/lada/x_low/uk_UA-lada-x_low.onnx.json?download=true.json
Ukrainian,uk_UA,ukrainian_tts,medium,https://huggingface.co/rhasspy/piper-voices/resolve/v1.0.0/uk/uk_UA/ukrainian_tts/medium/uk_UA-ukrainian_tts-medium.onnx?download=true,https://huggingface.co/rhasspy/piper-voices/resolve/v1.0.0/uk/uk_UA/ukrainian_tts/medium/uk_UA-ukrainian_tts-medium.onnx.json?download=true.json
Vietnamese,vi_VN,25hours_single,low,https://huggingface.co/rhasspy/piper-voices/resolve/v1.0.0/vi/vi_VN/25hours_single/low/vi_VN-25hours_single-low.onnx?download=true,https://huggingface.co/rhasspy/piper-voices/resolve/v1.0.0/vi/vi_VN/25hours_single/low/vi_VN-25hours_single-low.onnx.json?download=true.json
Vietnamese,vi_VN,vais1000,medium,https://huggingface.co/rhasspy/piper-voices/resolve/v1.0.0/vi/vi_VN/vais1000/medium/vi_VN-vais1000-medium.onnx?download=true,https://huggingface.co/rhasspy/piper-voices/resolve/v1.0.0/vi/vi_VN/vais1000/medium/vi_VN-vais1000-medium.onnx.json?download=true.json
Vietnamese,vi_VN,vivos,x_low,https://huggingface.co/rhasspy/piper-voices/resolve/v1.0.0/vi/vi_VN/vivos/x_low/vi_VN-vivos-x_low.onnx?download=true,https://huggingface.co/rhasspy/piper-voices/resolve/v1.0.0/vi/vi_VN/vivos/x_low/vi_VN-vivos-x_low.onnx.json?download=true.json
Chinese,zh_CN,huayan,x_low,https://huggingface.co/rhasspy/piper-voices/resolve/v1.0.0/zh/zh_CN/huayan/x_low/zh_CN-huayan-x_low.onnx?download=true,https://huggingface.co/rhasspy/piper-voices/resolve/v1.0.0/zh/zh_CN/huayan/x_low/zh_CN-huayan-x_low.onnx.json?download=true.json
Chinese,zh_CN,huayan,medium,https://huggingface.co/rhasspy/piper-voices/resolve/v1.0.0/zh/zh_CN/huayan/medium/zh_CN-huayan-medium.onnx?download=true,https://huggingface.co/rhasspy/piper-voices/resolve/v1.0.0/zh/zh_CN/huayan/medium/zh_CN-huayan-medium.onnx.json?download=true.json